,"domain","name",,,,,,,,,,,"createdAt","updatedAt","__v"
,"https://workfromhometaxrelief.co.uk","WorkFromHome",,,,,,,,,,,"2023-09-18T14:56:31.571Z","2023-09-18T14:56:31.571Z",0
,"https://marriageallowanceagency.co.uk","MarrigeAllownceAgency",,,,,,,,,,,"2023-09-18T14:56:54.872Z","2023-09-18T14:56:54.872Z",0
,"https://marriageallowancecheck.net","MarrigeAllownceCheck",,,,,,,,,,,"2023-09-18T14:57:15.530Z","2023-09-18T14:57:15.530Z",0
,"https://claimmarriage.co.uk","ClaimMarrige",,,,,,,,,,,"2023-09-18T14:58:14.855Z","2023-09-18T14:58:14.855Z",0
,"https://marriageallowanceexperts.co.uk","MarrigeAllownceExpert",,,,,,,,,,,"2023-09-18T14:58:36.061Z","2023-09-18T14:58:36.061Z",0
,"https://valid8ip.co.uk","Valid8Ip",,,,,,,,,,,"2023-09-18T14:59:16.063Z","2023-09-18T14:59:16.063Z",0
,"https://onlinetaxcheck.co.uk","OnlineTax",,,,,,,,,,,"2023-09-18T14:59:34.834Z","2023-09-18T14:59:34.834Z",0
,"https://charlottestips.co.uk","Charlottestips",,,,,,,,,,,"2023-09-18T15:00:16.749Z","2023-09-18T15:00:16.749Z",0
,"https://esignpanda.com","Esignpanda",,,,,,,,,,,"2023-09-18T15:00:43.029Z","2023-09-18T15:00:43.029Z",0
,"https://nabeelaspace.com","NabeelaSpace",,,,,,,,,,,,,
,"https://arhamsoft.com","Arhamsoft",,,,,,,,,,,,,
,"https://fakestoreapi.com","Fakestoreapi",,,,,,,,,,,,,
